id,imdb_id,popularity,budget,revenue,original_title,cast,homepage,director,tagline,keywords,overview,runtime,genres,production_companies,release_date,vote_count,vote_average,release_year,budget_adj,revenue_adj
286217,tt3659388,7.6674,108000000,595380321,The Martian,Matt Damon|Jessica Chastain|Kristen Wiig|Jeff Daniels|Michael PeÃ±a,http://www.foxmovies.com/movies/the-martian,Ridley Scott,Bring Him Home,based on novel|mars|nasa|isolation|botanist,"During a manned mission to Mars, Astronaut Mark Watney is presumed dead after a fierce storm and left behind by his crew. But Watney has survived and finds himself stranded and alone on the hostile planet. With only meager supplies, he must draw upon his ingenuity, wit and spirit to subsist and find a way to signal to Earth that he is alive.",141,Drama|Adventure|Science Fiction,Twentieth Century Fox Film Corporation|Scott Free Productions|Mid Atlantic Films|International Traders|TSG Entertainment,2015-09-30,4572,7.6,2015,99359956.2816192,547749654.310152
150540,tt2096673,6.326804,175000000,853708609,Inside Out,Amy Poehler|Phyllis Smith|Richard Kind|Bill Hader|Lewis Black,http://movies.disney.com/inside-out,Pete Docter,Meet the little voices inside your head.,dream|cartoon|imaginary friend|animation|kid,"Growing up can be a bumpy road, and it's no exception for Riley, who is uprooted from her Midwest life when her father starts a new job in San Francisco. Like all of us, Riley is guided by her emotions - Joy, Fear, Anger, Disgust and Sadness. The emotions live in Headquarters, the control center inside Riley's mind, where they help advise her through everyday life. As Riley and her emotions struggle to adjust to a new life in San Francisco, turmoil ensues in Headquarters. Although Joy, Riley's main and most important emotion, tries to keep things positive, the emotions conflict on how best to navigate a new city, house and school.",94,Comedy|Animation|Family,Walt Disney Pictures|Pixar Animation Studios|Walt Disney Studios Motion Pictures,2015-06-09,3935,8.0,2015,160999929.160031,785411574.698907
264660,tt0470752,6.118847,15000000,36869414,Ex Machina,Domhnall Gleeson|Alicia Vikander|Oscar Isaac|Sonoya Mizuno|Corey Johnson,http://exmachina-movie.com/,Alex Garland,There is nothing more human than the will to survive,dancing|artificial intelligence|helicopter|distrust|isolation,"Caleb, a 26 year old coder at the world's largest internet company, wins a competition to spend a week at a private mountain retreat belonging to Nathan, the reclusive CEO of the company. But when Caleb arrives at the remote location he finds that he will have to participate in a strange and fascinating experiment in which he must interact with the world's first true artificial intelligence, housed in the body of a beautiful robot girl.",108,Drama|Science Fiction,DNA Films|Universal Pictures International (UPI)|Film4,2015-01-21,2854,7.6,2015,13799993.9280026,33919845.9552677
207703,tt2802144,4.503789,81000000,403802136,Kingsman: The Secret Service,Taron Egerton|Colin Firth|Samuel L. Jackson|Michael Caine|Mark Strong,http://www.kingsmanmovie.com/,Matthew Vaughn,Manners maketh man.,spy|great britain|secret organization|secret agent|marvel comic,The story of a super-secret spy organization that recruits an unrefined but promising street kid into the agency's ultra-competitive training program just as a global threat emerges from a twisted tech genius.,130,Crime|Comedy|Action|Adventure,Twentieth Century Fox Film Corporation|Marv Films|TSG Entertainment|Cloudy Productions,2015-01-24,3833,7.6,2015,74519967.2112144,371497801.660967
314365,tt1895587,4.062293,20000000,88346473,Spotlight,Mark Ruffalo|Michael Keaton|Rachel McAdams|Liev Schreiber|John Slattery,http://www.spotlightthefilm.com,Tom McCarthy,Break the story. Break the silence.,child abuse|journalism|judge|florida|boston,"The true story of how The Boston Globe uncovered the massive scandal of child molestation and cover-up within the local Catholic Archdiocese, shaking the entire Catholic Church to its core.",128,Drama|Thriller|History,Participant Media|Open Road Films|Anonymous Content|Rocklin / Faust|Entertainment One Features,2015-11-06,1559,7.8,2015,18399991.9040035,81278719.3973634
264644,tt3170832,3.557846,6000000,35401758,Room,Brie Larson|Jacob Tremblay|Joan Allen|Sean Bridgers|William H. Macy,http://www.roomthemovie.com,Lenny Abrahamson,Love knows no boundaries,based on novel|carpet|isolation|imprisonment|grandparents,Jack is a young boy of 5 years old who has lived all his life in one room. He believes everything within it are the only real things in the world. But what will happen when his Ma suddenly tells him that there are other things outside of Room?,117,Drama|Thriller,Element Pictures|No Trace Camping|A24|Duperele Films,2015-10-16,1520,8.0,2015,5519997.57120106,32569603.0293746
277216,tt1398426,3.202719,28000000,201634991,Straight Outta Compton,O'Shea Jackson Jr.|Corey Hawkins|Jason Mitchell|Neil Brown Jr.|Aldis Hodge,http://www.straightouttacompton.com/,F. Gary Gray,The Story of N.W.A.,brother brother relationship|aids|police brutality|hip-hop|wife husband relationship,"In 1987, five young men, using brutally honest rhymes and hardcore beats, put their frustration and anger about life in the most dangerous place in America into the most powerful weapon they had: their music.  Taking us back to where it all began, Straight Outta Compton tells the true story of how these cultural rebelsâ€”armed only with their lyrics, swagger, bravado and raw talentâ€”stood up to the authorities that meant to keep them down and formed the worldâ€™s most dangerous group, N.W.A.  And as they spoke the truth that no one had before and exposed life in the hood, their voice ignited a social revolution that is still reverberating today.",147,Drama|Music,New Line Cinema|Universal Pictures|Legendary Pictures|Cube Vision|Broken Chair Flickz,2015-08-13,918,7.7,2015,25759988.6656049,185504110.098191
157336,tt0816692,24.949134,165000000,621752480,Interstellar,Matthew McConaughey|Jessica Chastain|Anne Hathaway|Michael Caine|Casey Affleck,http://www.interstellarmovie.net/,Christopher Nolan,Mankind was born on Earth. It was never meant to die here.,saving the world|artificial intelligence|father-son relationship|single parent|nasa,Interstellar chronicles the adventures of a group of explorers who make use of a newly discovered wormhole to surpass the limitations on human space travel and conquer the vast distances involved in an interstellar voyage.,169,Adventure|Drama|Science Fiction,Paramount Pictures|Legendary Pictures|Warner Bros.|Syncopy|Lynda Obst Productions,2014-11-05,6498,8.0,2014,151980023.37729,572690645.122961
118340,tt2015381,14.311205,170000000,773312399,Guardians of the Galaxy,Chris Pratt|Zoe Saldana|Dave Bautista|Vin Diesel|Bradley Cooper,http://marvel.com/guardians,James Gunn,All heroes start somewhere.,marvel comic|spaceship|space|scene during end credits|outer space,"Light years from Earth, 26 years after being abducted, Peter Quill finds himself the prime target of a manhunt after discovering an orb wanted by Ronan the Accuser.",121,Action|Science Fiction|Adventure,Marvel Studios|Moving Picture Company (MPC)|Bulletproof Cupid|Revolution Sun Studios,2014-07-30,5612,7.9,2014,156585478.631148,712291130.169508
100402,tt1843866,12.971027,170000000,714766572,Captain America: The Winter Soldier,Chris Evans|Scarlett Johansson|Sebastian Stan|Samuel L. Jackson|Robert Redford,http://www.captainamericathewintersoldiermovie.com,Joe Russo|Anthony Russo,In heroes we trust.,washington d.c.|future|shield|marvel comic|comic,"After the cataclysmic events in New York with The Avengers, Steve Rogers, aka Captain America is living quietly in Washington, D.C. and trying to adjust to the modern world. But when a S.H.I.E.L.D. colleague comes under attack, Steve becomes embroiled in a web of intrigue that threatens to put the world at risk. Joining forces with the Black Widow, Captain America struggles to expose the ever-widening conspiracy while fighting off professional assassins sent to silence him at every turn. When the full scope of the villainous plot is revealed, Captain America and the Black Widow enlist the help of a new ally, the Falcon. However, they soon find themselves up against an unexpected and formidable enemyâ€”the Winter Soldier.",136,Action|Adventure|Science Fiction,Marvel Studios,2014-03-20,3848,7.6,2014,156585478.631148,658365092.859794
177572,tt2245084,8.691294,165000000,652105443,Big Hero 6,Scott Adsit|Ryan Potter|Daniel Henney|T.J. Miller|Jamie Chung,http://movies.disney.com/big-hero-6,Don Hall|Chris Williams,From the creators of Wreck-it Ralph and Frozen,brother brother relationship|hero|talent|revenge|best friend,"The special bond that develops between plus-sized inflatable robot Baymax, and prodigy Hiro Hamada, who team up with a group of friends to form a band of high-tech heroes.",102,Adventure|Family|Animation|Action|Comedy,Walt Disney Pictures|Walt Disney Animation Studios,2014-10-24,4185,7.8,2014,151980023.37729,600648487.706658
205596,tt2084970,8.110711,14000000,233555708,The Imitation Game,Benedict Cumberbatch|Keira Knightley|Matthew Goode|Rory Kinnear|Allen Leech,http://theimitationgamemovie.com/,Morten Tyldum,The true enigma was the man who cracked the code.,gay|england|world war ii|mathematician|biography,"Based on the real life story of legendary cryptanalyst Alan Turing, the film portrays the nail-biting race against time by Turing and his brilliant team of code-breakers at Britain's top-secret Government Code and Cypher School at Bletchley Park, during the darkest days of World War II.",113,History|Drama|Thriller|War,Black Bear Pictures|Bristol Automotive,2014-11-14,3478,8.0,2014,12895274.7108004,215126072.495392
210577,tt2267998,6.438727,61000000,369330363,Gone Girl,Ben Affleck|Rosamund Pike|Carrie Coon|Neil Patrick Harris|Tyler Perry,http://www.gonegirlmovie.com/,David Fincher,You don't know what you've got 'til it's...,falsely accused person|based on novel|marriage crisis|disappearance|cheating husband,"With his wife's disappearance having become the focus of an intense media circus, a man sees the spotlight turned on him when it's suspected that he may not be innocent.",145,Mystery|Thriller|Drama,Twentieth Century Fox Film Corporation|Regency Enterprises|New Regency Pictures|Pacific Standard|TSG Entertainment,2014-10-01,3720,7.9,2014,56186554.097059,340186892.137474
127585,tt1877832,6.052479,250000000,746000000,X-Men: Days of Future Past,Hugh Jackman|James McAvoy|Patrick Stewart|Michael Fassbender|Ian McKellen,http://www.x-menmovies.com/,Bryan Singer,"To save the future, they must alter the past",1970s|mutant|time travel|marvel comic|based on comic book,The ultimate X-Men ensemble fights a war for the survival of the species across two time periods as they join forces with their younger selves in an epic battle that must change the past â€“ to save our future.,131,Action|Adventure|Fantasy|Science Fiction,Twentieth Century Fox Film Corporation|Donners' Company|Marvel Entertainment|Bad Hat Harry Productions|TSG Entertainment,2014-05-15,4006,7.6,2014,230272762.692864,687133923.875509
242582,tt2872718,5.522641,8500000,38697217,Nightcrawler,Jake Gyllenhaal|Rene Russo|Riz Ahmed|Bill Paxton|Kevin Rahm,http://nightcrawlerfilm.com/,Dan Gilroy,The city shines brightest at night,journalism|underground|tv station|sociopath|home invasion,"When Lou Bloom, desperate for work, muscles into the world of L.A. crime journalism, he blurs the line between observer and participant to become the star of his own story. Aiding him in his effort is Nina, a TV-news veteran.",117,Crime|Drama|Thriller,Bold Films|Sierra / Affinity,2014-10-23,2087,7.6,2014,7829273.9315574,35643660.2684612
120467,tt2278388,4.93082,30000000,174600318,The Grand Budapest Hotel,Ralph Fiennes|Tony Revolori|F. Murray Abraham|Mathieu Amalric|Adrien Brody,,Wes Anderson,A perfect holiday without leaving home.,hotel|painting|wartime|gunfight|theft,"The Grand Budapest Hotel tells of a legendary concierge at a famous European hotel between the wars and his friendship with a young employee who becomes his trusted protÃ©gÃ©. The story involves the theft and recovery of a priceless Renaissance painting, the battle for an enormous family fortune and the slow and then sudden upheavals that transformed Europe during the first half of the 20th century.",99,Comedy|Drama,Fox Searchlight Pictures|Scott Rudin Productions|Studio Babelsberg|Indian Paintbrush|TSG Entertainment,2014-02-26,2802,7.9,2014,27632731.5231437,160822790.371651
244786,tt2582802,4.780419,3300000,13993093,Whiplash,Miles Teller|J.K. Simmons|Melissa Benoist|Austin Stowell|Jayson Blair,http://sonyclassics.com/whiplash/,Damien Chazelle,The road to greatness can take you to the edge.,jazz|obsession|conservatory|music teacher|new york city,"Under the direction of a ruthless instructor, a talented young drummer begins to pursue perfection at any cost, even his humanity.",105,Drama|Music,Bold Films|Blumhouse Productions|Right of Way Films,2014-10-10,2372,8.2,2014,3039600.46754581,12888912.7349127
137113,tt1631867,3.990452,178000000,370541256,Edge of Tomorrow,Tom Cruise|Emily Blunt|Brendan Gleeson|Bill Paxton|Jonas Armstrong,http://www.edgeoftomorrowmovie.com/,Doug Liman,"Live, Die, Repeat",deja vu|time warp|dystopia|war|alien,"Major Bill Cage is an officer who has never seen a day of combat when he is unceremoniously demoted and dropped into combat. Cage is killed within minutes, managing to take an alpha alien down with him. He awakens back at the beginning of the same day and is forced to fight and die again... and again - as physical contact with the alien has thrown him into a time loop.",113,Action|Science Fiction,Village Roadshow Pictures|Warner Bros.|Viz Media|Province of British Columbia Production Services Tax Credit|3 Arts Entertainment,2014-05-27,3267,7.7,2014,163954207.037319,341302234.843216
82702,tt1646971,3.489106,145000000,609123048,How to Train Your Dragon 2,Jay Baruchel|Gerard Butler|Kristen Wiig|Jonah Hill|Cate Blanchett,http://www.howtotrainyourdragon.com/,Dean DeBlois,The training is over.,father-son relationship|wife husband relationship|sacrifice|viking|sequel,"The thrilling second chapter of the epic How To Train Your Dragon trilogy brings back the fantastical world of Hiccup and Toothless five years later. While Astrid, Snotlout and the rest of the gang are challenging each other to dragon races (the island's new favorite contact sport), the now inseparable pair journey through the skies, charting unmapped territories and exploring new worlds. When one of their adventures leads to the discovery of a secret ice cave that is home to hundreds of new wild dragons and the mysterious Dragon Rider, the two friends find themselves at the center of a battle to protect the peace.",102,Fantasy|Action|Adventure|Animation|Comedy,DreamWorks Animation|Mad Hatter Entertainment,2014-06-12,2152,7.7,2014,133558202.361861,561057788.331434
266856,tt2980516,3.170271,15000000,121201940,The Theory of Everything,Eddie Redmayne|Felicity Jones|Harry Lloyd|David Thewlis|Emily Watson,,James Marsh,His Mind Changed Our World. Her Love Changed His.,biography|physicist|based on memoir|stephen hawking,A look at the relationship between the famous physicist Stephen Hawking and his wife.,123,Drama|Romance,Working Title Films,2014-11-26,1960,7.8,2014,13816365.7615718,111638022.270139
85350,tt1065073,2.595951,4000000,44349000,Boyhood,Ellar Coltrane|Patricia Arquette|Ethan Hawke|Elijah Smith|Lorelei Linklater,,Richard Linklater,12 years in the making.,daily life|family's daily life|urban life|growing up|domestic abuse,"The film tells a story of a divorced couple trying to raise their young son. The story follows the boy for twelve years, from first grade at age 6 through 12th grade at age 17-18, and examines his relationship with his parents as he grows.",164,Drama,Detour Filmproduction|IFC Productions,2014-06-05,1343,7.6,2014,3684364.20308583,40849467.0106634
222935,tt2582846,2.293859,12000000,305151265,The Fault in Our Stars,Shailene Woodley|Ansel Elgort|Nat Wolff|Laura Dern|Sam Trammell,,Josh Boone,One Sick Love Story,amsterdam|based on novel|support group|cancer|teenager,"Despite the tumor-shrinking medical miracle that has bought her a few years, Hazel has never been anything but terminal, her final chapter inscribed upon diagnosis. But when a patient named Augustus Waters suddenly appears at Cancer Kid Support Group, Hazel's story is about to be completely rewritten.",125,Romance|Drama,Fox 2000 Pictures|Temple Hill Entertainment|TSG Entertainment,2014-05-16,2389,7.8,2014,11053092.6092575,281072099.32309
265177,tt3612616,1.737699,4900000,3494070,Mommy,Anne Dorval|Suzanne ClÃ©ment|Antoine-Olivier Pilon|Patrick Huard|Alexandre Goyette,,Xavier Dolan,,quebec|dysfunctional family|single mother|mother son relationship|behavioral disorders,"A peculiar neighbor offers hope to a recent widow who is struggling to raise a teenager who is unpredictable and, sometimes, violent.",138,Drama,TÃ©lÃ©film Canada|Super Ã‰cran|SODEC|Metafilms,2014-05-22,389,8.0,2014,4513346.14878015,3218356.60776903
11,tt0076759,12.037933,11000000,775398007,Star Wars,Mark Hamill|Harrison Ford|Carrie Fisher|Peter Cushing|Alec Guinness,http://www.starwars.com/films/star-wars-episode-iv-a-new-hope,George Lucas,"A long time ago in a galaxy far, far away...",android|galaxy|hermit|death star|lightsaber,Princess Leia is captured and held hostage by the evil Imperial forces in their effort to take over the galactic Empire. Venturesome Luke Skywalker and dashing captain Han Solo team together with the loveable robot duo R2-D2 and C-3PO to rescue the beautiful princess and restore peace and justice in the Empire.,121,Adventure|Action|Science Fiction,Lucasfilm|Twentieth Century Fox Film Corporation,1977-03-20,4428,7.9,1977,39575591.3582738,2789712242.27745
703,tt0075686,1.179653,4000000,38251425,Annie Hall,Woody Allen|Diane Keaton|Tony Roberts|Carol Kane|Paul Simon,,Woody Allen,A nervous romance.,neurosis|comedian|job interview|love|singer,"In the city of New York, comedian Alvy Singer falls in love with the ditsy Annie Hall.",93,Comedy|Drama|Romance,United Artists,1977-04-19,493,7.6,1977,14391124.1302814,137620251.333787
16869,tt0361748,6.098027,70000000,319131050,Inglourious Basterds,Brad Pitt|MÃ©lanie Laurent|Christoph Waltz|Eli Roth|Michael Fassbender,http://www.inglouriousbasterds-movie.com/,Quentin Tarantino,Once upon a time in Nazi occupied France...,paris|guerilla|cinema|self sacrifice|dynamite,"In Nazi-occupied France during World War II, a group of Jewish-American soldiers known as ""The Basterds"" are chosen specifically to spread fear throughout the Third Reich by scalping and brutally killing Nazis. The Basterds, lead by Lt. Aldo Raine soon cross paths with a French-Jewish teenage girl who runs a movie theater in Paris which is targeted by the soldiers.",153,Drama|Action|Thriller|War,Universal Pictures|A Band Apart|Zehnte Babelsberg|Visiona Romantica,2009-08-18,3969,7.7,2009,71148030.3887467,324364937.762752
14160,tt1049413,4.90890199999999,175000000,731342744,Up,Ed Asner|Christopher Plummer|Jordan Nagai|Bob Peterson|Delroy Lindo,http://disney.go.com/disneypictures/up/,Bob Peterson|Pete Docter,Fly Up to Venezuela,central and south america|balloon|animation|title spoken by character|floating in the air,"After a lifetime of dreaming of traveling the world, 78-year-old homebody Carl flies away on an unbelievable adventure with Russell, an 8-year-old Wilderness Explorer, unexpectedly in tow. Together, the unlikely pair embarks on a thrilling odyssey full of jungle beasts and rough terrain.",96,Animation|Comedy|Family|Adventure,Walt Disney Pictures|Pixar Animation Studios,2009-05-13,4225,7.6,2009,177870075.971866,743337082.495734
28178,tt1028532,1.575231,16000000,47801389,Hachi: A Dog's Tale,Richard Gere|Joan Allen|Jason Alexander|Cary-Hiroyuki Tagawa|Sarah Roemer,,Lasse HallstrÃ¶m,"A true story of faith, devotion and undying love.",japanese|loyalty|human being-animal relationship|friendship|friends,A drama based on the true story of a college professor's bond with the abandoned dog he takes into his home.,93,Drama|Family,Grand Army Entertainment|Scion Films|Inferno Distribution|Stage 6 Films|Hachiko,2009-06-13,976,7.7,2009,16262406.9459992,48585352.5313757
31011,tt0485947,1.26001,47000000,3547209,Mr. Nobody,Jared Leto|Diane Kruger|Linh Äan Pháº¡m|Sarah Polley|Rhys Ifans,,Jaco Van Dormael,"Nothing is real, everything is possible.",surrealism,"Nemo Nobody leads an ordinary existence with his wife and 3 children; one day, he wakes up as a mortal centenarian in the year 2092.",141,Science Fiction|Drama|Romance|Fantasy,Pan EuropÃ©enne Production|Virtual Films,2009-09-11,827,7.8,2009,47770820.4038728,3605384.76753194
20453,tt1187043,0.816681,9000000,70000000,3 Idiots,Aamir Khan|Kareena Kapoor|Madhavan|Sharman Joshi|Boman Irani,http://idiotsacademy.zapak.com/idiotsmain.php,Rajkumar Hirani,Don't BE A STUPID BE AN I.D.I.O.T.,suicide|suicide attempt|college|friends|engineering,"In the tradition of â€œFerris Buellerâ€™s Day Offâ€ comes this refreshing comedy about a rebellious prankster with a crafty mind and a heart of gold. Rascal. Joker. Dreamer. Genius... You've never met a college student quite like ""Rancho."" From the moment he arrives at India's most prestigious university, Rancho's outlandish schemes turn the campus upside downâ€”along with the lives of his two newfound best friends. Together, they make life miserable for ""Virus,"" the schoolâ€™s uptight and heartless dean. But when Rancho catches the eye of the dean's sexy daughter, Virus sets his sights on flunking out the ""3 idiots"" once and for all.",170,Drama|Comedy|Romance,Vidhu Vinod Chopra Productions,2009-12-23,662,7.8,2009,9147603.90712458,71148030.3887467
27205,tt1375666,9.363643,160000000,825500000,Inception,Leonardo DiCaprio|Joseph Gordon-Levitt|Ellen Page|Tom Hardy|Ken Watanabe,http://inceptionmovie.warnerbros.com/,Christopher Nolan,Your mind is the scene of the crime.,loss of lover|dream|sleep|subconsciousness|heist,"Cobb, a skilled thief who commits corporate espionage by infiltrating the subconscious of his targets is offered a chance to regain his old life as payment for a task considered to be impossible: ""inception"", the implantation of another person's idea into a target's subconscious.",148,Action|Thriller|Science Fiction|Mystery|Adventure,Legendary Pictures|Warner Bros.|Syncopy,2010-07-14,9767,7.9,2010,160000000.0,825500000.0
11324,tt1130884,3.176169,80000000,294804195,Shutter Island,Leonardo DiCaprio|Mark Ruffalo|Ben Kingsley|Emily Mortimer|Michelle Williams,http://www.shutterisland.com/,Martin Scorsese,Someone is missing.,based on novel|island|hurricane|investigation|psychiatric hospital,"World War II soldier-turned-U.S. Marshal. Teddy Daniels investigates the disappearance of a patient from a hospital for the criminally insane, but his efforts are compromised by his troubling visions and also by a mysterious doctor.",138,Drama|Thriller|Mystery,Paramount Pictures|Appian Way|Phoenix Pictures|Sikelia Productions,2010-02-18,3554,7.6,2010,80000000.0,294804195.0
44639,tt1645089,1.003782,2000000,7871522,Inside Job,Matt Damon|William Ackman|Barack Obama|George W. Bush|Jonathan Alpert,http://www.sonyclassics.com/insidejob/,Charles Ferguson,"The film that cost $20,000,000,000,000 to make.",corruption|capitalism|globalization|bank|banker,"A film that exposes the shocking truth behind the economic crisis of 2008. The global financial meltdown, at a cost of over $20 trillion, resulted in millions of people losing their homes and jobs. Through extensive research and interviews with major financial insiders, politicians and journalists, Inside Job traces the rise of a rogue industry and unveils the corrosive relationships which have corrupted politics, regulation and academia.",109,Documentary,Sony Pictures Classics|Sony Pictures Home Entertainment,2010-10-08,171,7.6,2010,2000000.0,7871522.0
46689,tt1268204,0.216503,1500000,187716,Waste Land,Vik Muniz,http://www.wastelandmovie.com/,Lucy Walker,What happens in the world's largest trash city will transform you.,brazilian|rio de janeiro|empowerment|artist|garbage,"An uplifting feature documentary highlighting the transformative power of art and the beauty of the human spirit. Top-selling contemporary artist Vik Muniz takes us on an emotional journey from Jardim Gramacho, the world's largest landfill on the outskirts of Rio de Janeiro, to the heights of international art stardom. Vik collaborates with the brilliant catadores, pickers of recyclable materials, true Shakespearean characters who live and work in the garbage quoting Machiavelli and showing us how to recycle ourselves.",90,Documentary|Foreign,O2 Filmes|Almega Projects,2010-01-24,23,7.8,2010,1500000.0,187716.0
550,tt0137523,8.947905,63000000,100853753,Fight Club,Edward Norton|Brad Pitt|Meat Loaf|Jared Leto|Helena Bonham Carter,http://www.foxmovies.com/movies/fight-club,David Fincher,How much can you know about yourself if you've never been in a fight?,support group|dual identity|nihilism|rage and hate|insomnia,"A ticking-time-bomb insomniac and a slippery soap salesman channel primal male aggression into a shocking new form of therapy. Their concept catches on, with underground ""fight clubs"" forming in every town, until an eccentric gets in the way and ignites an out-of-control spiral toward oblivion.",139,Drama,Regency Enterprises|Fox 2000 Pictures|Taurus Film|Linson Films|Atman Entertainment,1999-10-14,5923,8.1,1999,82470329.3354423,132022892.45437
603,tt0133093,7.753899,63000000,463517383,The Matrix,Keanu Reeves|Laurence Fishburne|Carrie-Anne Moss|Hugo Weaving|Gloria Foster,http://www.warnerbros.com/matrix,Lilly Wachowski|Lana Wachowski,Welcome to the Real World.,saving the world|artificial intelligence|man vs machine|philosophy|prophecy,"Set in the 22nd century, The Matrix tells the story of a computer hacker who joins a group of underground insurgents fighting the vast and powerful computers who now rule the earth.",136,Action|Science Fiction,Village Roadshow Pictures|Groucho II Film Partnership|Silver Pictures|Warner Bros.,1999-03-30,6351,7.8,1999,82470329.3354423,606768749.6621
14,tt0169547,3.55571999999999,15000000,356296601,American Beauty,Kevin Spacey|Annette Bening|Thora Birch|Wes Bentley|Mena Suvari,http://www.dreamworks.com/ab/,Sam Mendes,Look closer.,adultery|coming out|loss of father|first time|camcorder,"Lester Burnham, a depressed suburban father in a mid-life crisis, decides to turn his hectic life around after developing an infatuation with his daughter's attractive friend.",122,Drama,DreamWorks SKG|Jinks/Cohen Company,1999-09-15,1756,7.7,1999,19635792.6989148,466411079.770931
497,tt0120689,2.719461,60000000,284600000,The Green Mile,Tom Hanks|Michael Clarke Duncan|David Morse|Bonnie Hunt|James Cromwell,http://thegreenmile.warnerbros.com/,Frank Darabont,Miracles do happen.,southern u.s.|black people|mentally disabled|indian|heal,"A supernatural tale set on death row in a Southern prison, where gentle giant John Coffey possesses the mysterious power to heal people's ailments. When the cellblock's head guard, Paul Edgecomb, recognizes Coffey's miraculous gift, he tries desperately to help stave off the condemned man's execution.",189,Fantasy|Drama|Crime,Castle Rock Entertainment|Darkwoods Productions|Warner Bros.,1999-12-10,2299,8.0,1999,78543170.7956593,372556440.140744
16162,tt0168501,0.066504,9000000,34573780,The Best Man,Nia Long|Morris Chestnut|Harold Perrineau|Terrence Howard|Sanaa Lathan,http://www.universalpictures.com/bestman/,Malcolm D. Lee,,,"Harper, a writer who's about to explode into the mainstream leaves behind his girlfriend Robin and heads to New York City to serve as best man for his friend Lance's wedding. Once there, he reunites with the rest of his college circle.",120,Drama|Comedy,Universal Pictures|40 Acres & A Mule Filmworks,1999-10-22,22,7.8,1999,11781475.6193489,45258905.1265258
16158,tt0161100,0.25073,6000000,25059640,The Wood,Omar Epps|Richard T. Jones|Taye Diggs|Malinda Williams|Sean Nelson,,Rick Famuyiwa,From best friends to best men.,,"In the panicky, uncertain hours before his wedding, a groom with prenuptial jitters and his two best friends reminisce about growing up together in the middle-class African-American neighborhood of Inglewood, California. Flashing back to the twenty-something trio's childhood exploits, the memories capture the mood and nostalgia of the '80s era.",106,Comedy|Drama|Romance,MTV Films,1999-07-16,24,7.6,1999,7854317.07956593,32804393.0766289
120,tt0120737,8.575419,93000000,871368364,The Lord of the Rings: The Fellowship of the Ring,Elijah Wood|Ian McKellen|Viggo Mortensen|Liv Tyler|Orlando Bloom,http://www.lordoftherings.net/,Peter Jackson,One ring to rule them all,elves|dwarves|orcs|middle-earth (tolkien)|hobbits,"Young hobbit Frodo Baggins, after inheriting a mysterious ring from his uncle Bilbo, must leave his home in order to keep it from falling into the hands of its evil creator. Along the way, a fellowship is formed to protect the ringbearer and make sure that the ring arrives at its final destination: Mt. Doom, the only place where it can be destroyed.",178,Adventure|Fantasy|Action,WingNut Films|New Line Cinema|The Saul Zaentz Company,2001-12-18,6079,7.8,2001,114528394.852527,1073079785.52895
155,tt0468569,8.46666799999999,185000000,1001921825,The Dark Knight,Christian Bale|Michael Caine|Heath Ledger|Aaron Eckhart|Gary Oldman,http://thedarkknight.warnerbros.com/dvdsite/,Christopher Nolan,Why So Serious?,dc comics|crime fighter|secret identity|scarecrow|sadism,"Batman raises the stakes in his war on crime. With the help of Lt. Jim Gordon and District Attorney Harvey Dent, Batman sets out to dismantle the remaining criminal organizations that plague the streets. The partnership proves to be effective, but they soon find themselves prey to a reign of chaos unleashed by a rising criminal mastermind known to the terrified citizens of Gotham as the Joker.",152,Drama|Action|Crime|Thriller,DC Comics|Legendary Pictures|Warner Bros.|Syncopy,2008-07-16,8432,8.1,2008,187365527.254695,1014733032.48168
10681,tt0910970,5.678119,180000000,521311860,WALLÂ·E,Ben Burtt|Elissa Knight|Jeff Garlin|Fred Willard|John Ratzenberger,http://disney.go.com/disneypictures/wall-e/,Andrew Stanton,An adventure beyond the ordinar-E.,future|garbage|plants|dystopia|lonelyness,"WALLÂ·E is the last robot left on an Earth that has been overrun with garbage and all humans have fled to outer space. For 700 years he has continued to try and clean up the mess, but has developed some rather interesting human-like qualities. When a ship arrives with a sleek new type of robot, WALLÂ·E thinks he's finally found a friend and stows away on the ship when it leaves.",98,Animation|Family,Walt Disney Pictures|Pixar Animation Studios,2008-06-22,4209,7.6,2008,182301594.08565,527977683.854196
13223,tt1205489,2.245306,33000000,269958228,Gran Torino,Clint Eastwood|Christopher Carley|Bee Vang|Ahney Her|Brian Haley,http://www.thegrantorino.com/,Clint Eastwood,Ever come across somebody you shouldn't have messed with?,rape|war veteran|immigration|priest|gang,"Walt Kowalski is a widower who holds onto his prejudices despite the changes in his Michigan neighborhood and the world around him. Kowalski is a grumpy, tough-minded, unhappy old man who can't get along with either his kids or his neighbors. He is a Korean War veteran whose prize possession is a 1972 Gran Torino he keeps in mint condition. When his neighbor Thao, a young Hmong teenager under pressure from his gang member cousin, tries to steal his Gran Torino, Kowalski sets out to reform the youth. Drawn against his will into the life of Thao's family, Kowalski is soon taking steps to protect them from the gangs that infest their neighborhood.",116,Drama,Village Roadshow Pictures|Malpaso Productions|Gerber Pictures|Warner Bros.|Double Nickel Entertainment,2008-12-09,1809,7.6,2008,33421958.9157025,273410085.005207
14574,tt0914798,1.61062,12500000,20416563,The Boy in the Striped Pyjamas,Vera Farmiga|David Thewlis|Rupert Friend|David Hayman|Asa Butterfield,http://www.boyinthestripedpajamas.com/,Mark Herman,"Lines may divide us, but hope will unite us.",nationalism|concentration camp|world war ii|gas chamber|nazis,"When his family moves from their home in Berlin to a strange new house in Poland, young Bruno befriends Shmuel, a boy who lives on the other side of the fence where everyone seems to be wearing striped pajamas. Unaware of Shmuel's fate as a Jewish prisoner or the role his own Nazi father plays in his imprisonment, Bruno embarks on a dangerous journey inside the camp's walls.",94,War|Drama,Miramax Films|BBC Films|Heyday Films,2008-05-07,746,7.6,2008,12659832.9226145,20677622.1147228
8885,tt1185616,0.630893,2000000,11125849,Vals Im Bashir,Ari Folman|Ron Ben-Yishai|Dror Harazi|Ronny Dayag,http://waltzwithbashir.com,Ari Folman,,israel|palestine|middle east|lebanon|nightmare,"Much awarded animated documentary, in which director and Israeli army veteran Ari Folman interviews friends and former soldiers about their memories of  the 1982 Lebanon war and especially the Sabra and Shatila massacre in Beirut. The usage on animation enabled Folman to illustrate their personal memories and dreams.",90,Drama|Animation|War,Les Films d'Ici|Bridgit Folman Film Gang|Razor Film Produktion,2008-06-04,168,7.7,2008,2025573.26761833,11268111.156979
14073,tt0449994,0.389554,8376800,13000000,Jodhaa Akbar,Hrithik Roshan|Aishwarya Rai Bachchan|Sonu Sood|Kulbhushan Kharbanda|Rajesh Vivek,http://www.jodhaaakbar.com/,Ashutosh Gowariker,,wife husband relationship|emperor|hindu|marriage crisis|epic,"Jodhaa Akbar is a sixteenth century love story about a marriage of alliance that gave birth to true love between a great Mughal Emperor, Akbar and a Rajput princess, Jodhaa.",213,Action|Adventure|Drama|Foreign|History,UTV Motion Pictures|Ashutosh Gowariker Productions Pvt. Ltd.,2008-02-15,48,7.8,2008,8483911.07409263,13166226.2395191
14301,tt1227926,0.352054,200000,3,Dr. Horrible's Sing-Along Blog,Neil Patrick Harris|Nathan Fillion|Felicia Day|Simon Helberg|Nick Towne,http://www.drhorrible.com,Joss Whedon,He has a Ph.D. in horribleness!,musical|supervillain,"Dr. Horrible, an aspiring supervillain with his own video blog, is attempting to join the prestigious Evil League of Evil (led by the legendary ""thoroughbred of sin"", Bad Horse), but his plans are usually foiled by the egotistical superhero Captain Hammer. Dr. Horrible's life is thrown for a loop when he falls in love with Penny, a beautiful and optimistic advocate for the homeless he meets at the laundromat.",42,Adventure|Action|Comedy|Science Fiction|Music,,2008-07-15,140,7.7,2008,202557.326761833,3.0383599014275
12445,tt1201607,5.711315,125000000,1327817822,Harry Potter and the Deathly Hallows: Part 2,Daniel Radcliffe|Rupert Grint|Emma Watson|Alan Rickman|Maggie Smith,http://www.harrypotter.com,David Yates,It all ends here.,self sacrifice|magic|frog|sorcerer|school,"Harry, Ron and Hermione continue their quest to vanquish the evil Voldemort once and for all. Just as things begin to look hopeless for the young wizards, Harry discovers a trio of magical objects that endow him with powers to rival Voldemort's formidable skills.",130,Adventure|Family|Fantasy,Warner Bros.|Heyday Films|Moving Picture Company (MPC),2011-07-07,3750,7.7,2011,121174755.323934,1287183997.56487
59440,tt1291584,1.246852,25000000,23057115,Warrior,Tom Hardy|Jennifer Morrison|Nick Nolte|Joel Edgerton|Frank Grillo,http://www.warriorfilm.com/index2.html,Gavin O'Connor,Fight for Family,bank|training|beating|teacher|mixed martial arts,"An ex-Marine haunted by a tragic past, Tommy Riordan (Tom Hardy) returns to his hometown of Pittsburgh and enlists his father (Nick Nolte), a recovering alcoholic and his former coach, to train him for an MMA tournament awarding the biggest purse in the history of the sport. As Tommy blazes a violent path toward the title prize, his brother Brendan (Joel Edgerton), a former MMA fighter unable to make ends meet as a public school teacher, returns to the amateur ring to provide for his family. Even though years have passed, recriminations and past betrayals keep Brendan bitterly estranged from both Tommy and his father. But when Brendan's unlikely rise as an underdog sets him on a collision course with Tommy, the two brothers must finally confront the forces that tore them apart, all the while waging the most intense winner-take-all battle of their lives.",140,Action|Drama,Solaris Film|Lionsgate|Mimran Schur Pictures|Filmtribe,2011-09-09,768,7.6,2011,24234951.0647868,22351522.1488064
50014,tt1454029,1.105855,25000000,124272124,The Help,Emma Stone|Viola Davis|Octavia Spencer|Bryce Dallas Howard|Jessica Chastain,http://thehelpmovie.com/#/splash,Tate Taylor,Change begins with a whisper.,mississippi|based on novel|exploitation|racial segregation|racism,"Aibileen Clark is a middle-aged African-American maid who has spent her life raising white children and has recently lost her only son; Minny Jackson is an African-American maid who has often offended her employers despite her family's struggles with money and her desperate need for jobs; and Eugenia ""Skeeter"" Phelan is a young white woman who has recently moved back home after graduating college to find out her childhood maid has mysteriously disappeared. These three stories intertwine to explain how life in Jackson, Mississippi revolves around ""the help""; yet they are always kept at a certain distance because of racial lines.",146,Drama,DreamWorks SKG|1492 Pictures|Participant Productions|Imagenation Abu Dhabi FZ|Reliance Entertainment,2011-08-09,1056,7.6,2011,24234951.0647868,120469153.754284
80379,tt2112999,0.331313,250000,1000000,Louis C.K.: Live at the Beacon Theater,Louis C.K.,https://buy.louisck.net/,Louis C.K.,Buy The Thing,stand-up,"Recorded November 10th, 2011 as part of the New York Comedy Festival, and only available for purchase online, Louis C.K. follows up his 2010 concert film Hilarious with a new hourâ€™s worth of shrewdly observed and periodically profane material. He starts with making his own kind of please-turn-off-your-cell-phone announcement, as well as a warning not to text or tweet during the show: â€œJust live your life,â€ he asks. Whether heâ€™s talking about a unique way to drop a rental car off at an airport or describing why a man in his 40s should not smoke dope, itâ€™s terrific, humane, carried-to-crazed-extremes stuff.",62,Comedy,,2011-12-10,47,7.9,2011,242349.510647868,969398.042591472
121,tt0167261,8.095275,79000000,926287400,The Lord of the Rings: The Two Towers,Elijah Wood|Ian McKellen|Viggo Mortensen|Liv Tyler|Orlando Bloom,http://www.lordoftherings.net/,Peter Jackson,A New Power Is Rising.,elves|orcs|middle-earth (tolkien)|hobbits|based on novel,"Frodo and Sam are trekking to Mordor to destroy the One Ring of Power while Gimli, Legolas and Aragorn search for the orc-captured Merry and Pippin. All along, nefarious wizard Saruman awaits the Fellowship members at the Orthanc Tower in Isengard.",179,Adventure|Fantasy|Action,WingNut Films|New Line Cinema|The Saul Zaentz Company,2002-12-18,5114,7.8,2002,95768650.0960232,1122902454.41715
640,tt0264464,2.973115,52000000,352114312,Catch Me If You Can,Leonardo DiCaprio|Tom Hanks|Christopher Walken|Martin Sheen|Amy Adams,,Steven Spielberg,The true story of a real fake.,con man|biography|fbi agent|overhead camera shot|attempted jailbreak,"Frank W. Abagnale Jr. is a cunning con man â€“ posing as a doctor, lawyer and pilot all before turning 21. He's also a deft forger, and his work attracts the attention of FBI agent Carl Hanratty, who makes it his mission to put Frank behind bars. But Frank not only eludes capture, he revels in the pursuit, even taking time to taunt Carl by phone.",141,Drama|Crime,DreamWorks SKG|Kemp Company|Splendid Pictures,2002-12-25,2277,7.6,2002,63037592.4682684,426854586.57886
423,tt0253474,2.364204,35000000,120072577,The Pianist,Adrien Brody|Thomas Kretschmann|Frank Finlay|Maureen Lipman|Emilia Fox,http://www.thepianistmovie.com/,Roman Polanski,Music was his passion. Survival was his masterpiece.,individual|resistance|radio station|war crimes|loss of family,The Pianist is a film adapted from the biography of Wladyslaw Szpilman. A Jewish-Polish pianist who during the second world war lived and hid miraculously in Warsaw after having gone through a terrible tragedy. A film from Roman Polanski.,150,Drama|War,Bac Films|Canal+Polska|Heritage Films|Studio Babelsberg|Agencja Produkcji Filmowej,2002-09-24,938,7.9,2002,42429148.7767191,145559349.52963
680,tt0110912,8.09375399999999,8000000,213928762,Pulp Fiction,John Travolta|Samuel L. Jackson|Uma Thurman|Bruce Willis|Ving Rhames,,Quentin Tarantino,Just because you are a character doesn't mean you have character.,transporter|brothel|drug dealer|boxer|massage,"A burger-loving hit man, his philosophical partner, a drug-addled gangster's moll and a washed-up boxer converge in this sprawling, comedic crime caper. Their adventures unfurl in three stories that ingeniously trip back and forth in time.",154,Thriller|Crime,Miramax Films|A Band Apart|Jersey Films,1994-10-14,5343,8.1,1994,11768892.4927853,314713075.136581
278,tt0111161,7.192039,25000000,28341469,The Shawshank Redemption,Tim Robbins|Morgan Freeman|Bob Gunton|William Sadler|Clancy Brown,,Frank Darabont,Fear can hold you prisoner. Hope can set you free.,prison|corruption|police brutality|prison cell|delinquent,"Framed in the 1940s for the double murder of his wife and her lover, upstanding banker Andy Dufresne begins a new life at the Shawshank prison, where he puts his accounting skills to work for an amoral warden. During his long stretch in prison, Dufresne comes to be admired by the other inmates -- including an older prisoner named Red -- for his integrity and unquenchable sense of hope.",142,Drama|Crime,Castle Rock Entertainment,1994-09-10,5754,8.4,1994,36777789.039954,41693462.7185759
13,tt0109830,6.715966,55000000,677945399,Forrest Gump,Tom Hanks|Robin Wright|Gary Sinise|Mykelti Williamson|Sally Field,,Robert Zemeckis,"The world will never be the same, once you've seen it through the eyes of Forrest Gump.",vietnam veteran|hippie|mentally disabled|running|based on novel,"A man with a low IQ has accomplished great things in his life and been present during significant historic events - in each case, far exceeding what anyone imagined he could do. Yet, despite all the things he has attained, his one true love eludes him. 'Forrest Gump' is the story of a man who rose above his challenges, and who proved that determination, courage, and love are more important than ability.",142,Comedy|Drama|Romance,Paramount Pictures,1994-07-06,4856,8.1,1994,80911135.8878989,997333314.601179
8587,tt0110357,4.78268799999999,45000000,788241776,The Lion King,Jonathan Taylor Thomas|Matthew Broderick|James Earl Jones|Jeremy Irons|Moira Kelly,http://movies.disney.com/the-lion-king,Roger Allers|Rob Minkoff,Life's greatest adventure is finding your place in the Circle of Life.,loss of parents|wild boar|uncle|shaman|redemption,A young lion cub named Simba can't wait to be king. But his uncle craves the title for himself and will stop at nothing to get it.,89,Family|Animation|Drama,Walt Disney Pictures|Walt Disney Feature Animation,1994-06-23,3489,7.7,1994,66200020.2719173,1159591590.00826
68718,tt1853728,5.944518,100000000,425368238,Django Unchained,Jamie Foxx|Christoph Waltz|Leonardo DiCaprio|Kerry Washington|Samuel L. Jackson,http://unchainedmovie.com/,Quentin Tarantino,"Life, liberty and the pursuit of vengeance.",bounty hunter|hero|plantation|society|friendship,"With the help of a German bounty hunter, a freed slave sets out to rescue his wife from a brutal Mississippi plantation owner.",165,Drama|Western,Columbia Pictures|The Weinstein Company,2012-12-25,7375,7.7,2012,94974428.1352245,403991051.509381
84892,tt1659337,2.046884,13000000,33400000,The Perks of Being a Wallflower,Logan Lerman|Emma Watson|Ezra Miller|Paul Rudd|Nina Dobrev,http://perks-of-being-a-wallflower.com/,Stephen Chbosky,We are infinite.,shyness|secret|kiss|freshman|coming of age,"A coming-of-age story based on the best-selling novel by Stephen Chbosky, which follows 15-year-old freshman Charlie, an endearing and naive outsider who is taken under the wings of two seniors. A moving tale of love, loss, fear and hope - and the unforgettable friends that help us through life.",102,Drama|Romance,Summit Entertainment|Mr. Mudd Production,2012-09-20,1727,7.6,2012,12346675.6575791,31721458.997165
83666,tt1748122,1.661091,16000000,68263166,Moonrise Kingdom,Bruce Willis|Edward Norton|Jared Gilman|Kara Hayward|Bill Murray,http://www.moonrisekingdom.com,Wes Anderson,A tormenting and surprising story of children and adults during the stormy days of the summer of 1965.,erection|new england|first love|eye patch|search party,"Set on an island off the coast of New England in the summer of 1965, Moonrise Kingdom tells the story of two twelve-year-olds who fall in love, make a secret pact, and run away together into the wilderness. As various authorities try to hunt them down, a violent storm is brewing off-shore â€“ and the peaceful island community is turned upside down in more ways than anyone can handle.",94,Comedy|Drama|Romance,Scott Rudin Productions|Indian Paintbrush|American Empirical Pictures|Moonrise,2012-05-16,976,7.6,2012,15195908.5016359,64832551.535499
122,tt0167260,7.122455,94000000,1118888979,The Lord of the Rings: The Return of the King,Elijah Wood|Ian McKellen|Viggo Mortensen|Liv Tyler|Orlando Bloom,http://www.lordoftherings.net,Peter Jackson,The eye of the enemy is moving.,elves|orcs|middle-earth (tolkien)|based on novel|suspicion,"Aragorn is revealed as the heir to the ancient kings as he, Gandalf and the other members of the broken fellowship struggle to save Gondor from Sauron's forces. Meanwhile, Frodo and Sam bring the ring closer to the heart of Mordor, the dark lord's realm.",201,Adventure|Fantasy|Action,WingNut Films|New Line Cinema,2003-12-01,5636,7.9,2003,111423148.609557,1326278010.47567
24,tt0266697,6.174132,30000000,180949000,Kill Bill: Vol. 1,Uma Thurman|Lucy Liu|Vivica A. Fox|Daryl Hannah|David Carradine,http://www.miramax.com/movie/kill-bill-volume-1/,Quentin Tarantino,Go for the kill.,japan|coma|martial arts|kung fu|underworld,"An assassin is shot at the altar by her ruthless employer, Bill and other members of their assassination circle â€“ but 'The Bride' lives to plot her vengeance. Setting out for some payback, she makes a death list and hunts down those who wronged her, saving Bill for last.",111,Action|Crime,Miramax Films|A Band Apart|Super Cool ManChu,2003-10-10,2932,7.6,2003,35560579.3434758,214488375.720753
489,tt0119217,2.202087,10000000,225933435,Good Will Hunting,Robin Williams|Matt Damon|Ben Affleck|Stellan SkarsgÃ¥rd|Minnie Driver,http://www.miramax.com/movie/good-will-hunting,Gus Van Sant,"Some people can never believe in themselves, until someone believes in them.",sex|baseball|boston|professor|m.i.t.,"Will Hunting, a janitor at MIT, has a gift for mathematics but needs help from a psychologist to find direction in his life.",126,Drama,Miramax Films|Lawrence Bender Productions|Be Gentlemen Limited Partnership,1997-12-05,1592,7.7,1997,13584603.2107209,306921606.651021
106646,tt0993846,4.877927,100000000,392000694,The Wolf of Wall Street,Leonardo DiCaprio|Jonah Hill|Margot Robbie|Kyle Chandler|Rob Reiner,http://www.thewolfofwallstreet.com/,Martin Scorsese,EARN. SPEND. PARTY.,corruption|sex|sexuality|bank|humor,"A New York stockbroker refuses to cooperate in a large securities fraud case involving corruption on Wall Street, corporate banking world and mob infiltration. Based on Jordan Belfort's autobiography.",180,Crime|Drama|Comedy,Paramount Pictures|Appian Way|EMJAG Productions|Red Granite Pictures|Sikelia Productions,2013-12-25,4027,7.9,2013,93603335.2740424,366925723.881393
57158,tt1170358,4.310786,250000000,958400000,The Hobbit: The Desolation of Smaug,Martin Freeman|Ian McKellen|Richard Armitage|Ken Stott|Graham McTavish,http://www.thehobbit.com/,Peter Jackson,Beyond darkness... beyond desolation... lies the greatest danger of all.,elves|dwarves|orcs|middle-earth (tolkien)|hobbits,"The Dwarves, Bilbo and Gandalf have successfully escaped the Misty Mountains, and Bilbo has gained the One Ring. They all continue their journey to get their gold back from the Dragon, Smaug.",161,Adventure|Fantasy,WingNut Films|New Line Cinema|Metro-Goldwyn-Mayer (MGM),2013-12-11,2952,7.6,2013,234008338.185106,897094365.266423
152601,tt1798709,3.951582,23000000,47351251,Her,Joaquin Phoenix|Scarlett Johansson|Rooney Mara|Amy Adams|Olivia Wilde,http://www.herthemovie.com/,Spike Jonze,A Spike Jonze Love Story,artificial intelligence|computer|loneliness,"In the not so distant future, Theodore, a lonely writer purchases a newly developed operating system designed to meet the user's every needs. To Theordore's surprise, a romantic relationship develops between him and his operating system. This unconventional love story blends science fiction and romance in a sweet tale that explores the nature of love and the ways that technology isolates and connects us all.",126,Romance|Science Fiction|Drama,Annapurna Pictures,2013-12-18,2422,7.8,2013,21528767.1130297,44322350.2299834
76203,tt2024544,3.625529,20000000,187000000,12 Years a Slave,Chiwetel Ejiofor|Michael Fassbender|Lupita Nyong'o|Benedict Cumberbatch|Paul Dano,,Steve McQueen,The extraordinary true story of Solomon Northup,whip|slavery|plantation|night shift|kidnapping,"In the pre-Civil War United States, Solomon Northup, a free black man from upstate New York, is abducted and sold into slavery. Facing cruelty as well as unexpected kindnesses Solomon struggles not only to stay alive, but to retain his dignity. In the twelfth year of his unforgettable odyssey, Solomonâ€™s chance meeting with a Canadian abolitionist will forever alter his life.",134,Drama|History,Plan B Entertainment|Regency Enterprises|River Road Entertainment|Film4|New Regency Pictures,2013-10-18,2241,7.9,2013,18720667.0548084,175038236.962459
96721,tt1979320,2.119986,38000000,90247624,Rush,Daniel BrÃ¼hl|Chris Hemsworth|Olivia Wilde|Alexandra Maria Lara|Natalie Dormer,,Ron Howard,Everyone's driven by something.,world champion|sport|racing car|formula 1|automobile racing,A biographical drama centered on the rivalry between Formula 1 drivers James Hunt and Niki Lauda during the 1976 Formula One motor-racing season.,123,Drama|Action,Revolution Films|Working Title Films|Cross Creek Pictures|Exclusive Media Group|Double Negative,2013-09-02,1472,7.7,2013,35569267.4041361,84474786.0695772
146233,tt1392214,2.032167,46000000,122126687,Prisoners,Hugh Jackman|Jake Gyllenhaal|Paul Dano|Maria Bello|Melissa Leo,http://prisonersmovie.warnerbros.com/,Denis Villeneuve,Every moment matters.,pennsylvania|maze|vigilante|kidnapping|rural setting,"When Keller Dover's daughter and her friend go missing, he takes matters into his own hands as the police pursue multiple leads and the pressure mounts. But just how far will this desperate father go to protect his family?",153,Drama|Thriller|Crime,Alcon Entertainment|Madhouse Entertainment|8:38 Productions,2013-09-18,1826,7.8,2013,43057534.2260595,114314652.29169
152532,tt0790636,1.765514,5000000,55198285,Dallas Buyers Club,Matthew McConaughey|Jennifer Garner|Jared Leto|Denis O'Hare|Steve Zahn,,Jean-Marc VallÃ©e,Sometimes it takes a hustler to change the world,women|aids|biography|based on true story|hiv,"Loosely based on the true-life tale of Ron Woodroof, a drug-taking, women-loving, homophobic man who in 1986 was diagnosed with HIV/AIDS and given thirty days to live.",117,Drama|History,Universal Studios|Universal Pictures|Voltage Pictures|Truth Entertainment,2013-09-07,1831,7.8,2013,4680166.76370212,51667435.7740715
109424,tt1535109,1.40572,55000000,95000000,Captain Phillips,Tom Hanks|Catherine Keener|Max Martini|Chris Mulkey|Yul Vazquez,http://www.captainphillipsmovie.com,Paul Greengrass,Out here survival is everything.,ship|hijacking|somalia|fisherman|blood,"The true story of Captain Richard Phillips and the 2009 hijacking by Somali pirates of the US-flagged MV Maersk Alabama, the first American cargo ship to be hijacked in two hundred years.",134,Action|Drama|Thriller,Columbia Pictures,2013-10-10,1729,7.7,2013,51481834.4007233,88923168.5103403
152742,tt1924396,0.873687999999999,13500000,19255873,La migliore offerta,Geoffrey Rush|Jim Sturgess|Sylvia Hoeks|Donald Sutherland|Maximilian Dirr,http://lamiglioreoffertailfilm.it,Giuseppe Tornatore,A Master of Possession. A Crime of Obsession,painting|auctioneer|confidence game|fine art|honey pot,"Virgil Oldman is a world renowned antiques expert and auctioneer. An eccentric genius, he leads a solitary life, going to extreme lengths to keep his distance from the messiness of human relationships. When appointed by the beautiful but emotionally damaged Claire to oversee the valuation and sale of her familyâ€™s priceless art collection, Virgil allows himself to form an attachment to her â€“ and soon he is engulfed by a passion which will rock his bland existence to the core.",124,Drama|Romance|Crime|Mystery,Paco Cinematografica|Warner Bros.|Regione Lazio|Business Location Sudtirol Alto Adige|Friuli Venezia Giulia Film Commission,2013-01-01,389,7.7,2013,12636450.2619957,18024139.3641338
105,tt0088763,6.095293,19000000,381109762,Back to the Future,Michael J. Fox|Christopher Lloyd|Lea Thompson|Crispin Glover|Thomas F. Wilson,http://www.backtothefuture.com/movies/backtothefuture1,Robert Zemeckis,He's the only kid ever to get into trouble before he was born.,clock tower|car race|terrorist|delorean|lightning,"Eighties teenager Marty McFly is accidentally sent back in time to 1955, inadvertently disrupting his parents' first meeting and attracting his mother's romantic interest. Marty must repair the damage to history by rekindling his parents' romance and - with the help of his eccentric inventor friend Doc Brown - return to 1985.",116,Adventure|Comedy|Science Fiction|Family,Universal Pictures|Amblin Entertainment|U-Drive Productions,1985-07-03,3785,7.8,1985,38516154.993062,772572771.713735
2108,tt0088847,2.834739,1000000,51525171,The Breakfast Club,Emilio Estevez|Anthony Michael Hall|Judd Nelson|Molly Ringwald|Paul Gleason,,John Hughes,"They only met once, but it changed their lives forever.",high school|tardy hall|teenager|detention,"Five high school students, all different stereotypes, meet in detention, where they pour their hearts out to each other, and discover how they have a lot more in common than they thought.",97,Comedy|Drama,Universal Pictures|Channel Productions|A&M Films,1985-02-15,1139,7.6,1985,2027166.05226642,104450077.488422
752,tt0434409,3.617106,54000000,132511035,V for Vendetta,Natalie Portman|Hugo Weaving|Stephen Rea|Stephen Fry|John Hurt,http://vforvendetta.warnerbros.com/,James McTeigue,People should not be afraid of their governments. Governments should be afraid of their people.,detective|vatican|fascism|satanism|fascist,"In a world in which Great Britain has become a fascist state, a masked vigilante known only as 'V' conducts guerrilla warfare against the oppressive British government. When 'V' rescues a young woman from the secret police, he finds in her an ally with whom he can continue his fight to free the people of Britain.",132,Action|Thriller|Fantasy,Studio Babelsberg|DC Comics|Virtual Studios|Anarchos Productions|Silver Pictures,2005-12-11,2670,7.6,2005,60294417.6413426,147956957.155121
4348,tt0414387,1.480854,28000000,121147947,Pride & Prejudice,Keira Knightley|Matthew Macfadyen|Rosamund Pike|Simon Woods|Donald Sutherland,http://www.prideandprejudicemovie.net/splash.html,Joe Wright,A romance ahead of its time.,bachelor|prejudice|suitor|georgian|pride,"Pride and Prejudice is a humorous story of love and life among English gentility during the Georgian era. Mr. Bennet is an English gentleman living in Hertfordshire with his overbearing wife and 5 daughters. If Mr. Bennet dies their house will be inherited by a distant cousin whom they have never met, so the family's future happiness and security is dependent on the daughters making good marriages.",128,Drama|Romance,Universal Pictures|StudioCanal|Scion Films|Focus Features|Working Title Films,2005-09-16,749,7.6,2005,31263772.1103258,135269350.237208
1422,tt0407887,2.81975,90000000,289847354,The Departed,Leonardo DiCaprio|Matt Damon|Jack Nicholson|Mark Wahlberg|Martin Sheen,http://thedeparted.warnerbros.com/,Martin Scorsese,Lies. Betrayal. Sacrifice. How far will you take it?,undercover|boston|police|friends|mafia,"To take down South Boston's Irish Mafia, the police send in one of their own to infiltrate the underworld, not realizing the syndicate has done likewise. While an undercover cop curries favor with the mob kingpin, a career criminal rises through the police ranks. But both sides soon discover there's a mole among them.",151,Drama|Thriller|Crime,Vertigo Entertainment|Media Asia Films|Warner Bros.|Initial Entertainment Group (IEG)|Plan B Entertainment,2006-10-05,2635,7.7,2006,97350224.2462415,313518943.434219
1124,tt0482571,2.582095,40000000,109676311,The Prestige,Hugh Jackman|Christian Bale|Michael Caine|Scarlett Johansson|Andy Serkis,http://wwws.warnerbros.de/theprestige/,Christopher Nolan,Are You Watching Closely?,competition|secret|obsession|magic|dying and death,"A mysterious story of two magicians whose intense rivalry leads them on a life-long battle for supremacy -- full of obsession, deceit and jealousy with dangerous and deadly consequences.",130,Drama|Mystery|Thriller,Touchstone Pictures|Syncopy,2006-10-19,2519,7.8,2006,43266766.3316629,118633483.003894
38,tt0338013,3.863377,20000000,72258126,Eternal Sunshine of the Spotless Mind,Jim Carrey|Kate Winslet|Elijah Wood|Mark Ruffalo|Kirsten Dunst,http://www.eternalsunshine.com,Michel Gondry,I already forget how I used to feel about you.,deja vu|lovesickness|jealousy|amnesia|loss of sense of reality,"Joel Barish, heartbroken that his girlfriend underwent a procedure to erase him from her memory, decides to do the same. However, as he watches his memories of her fade away, he realises that he still loves her, and may be too late to correct his mistake.",108,Science Fiction|Drama|Romance,Anonymous Content|This Is That Productions|Focus Features,2004-03-19,2012,7.8,2004,23088907.9962429,83418061.1597466
70,tt0405159,1.648554,30000000,216763646,Million Dollar Baby,Clint Eastwood|Hilary Swank|Morgan Freeman|Jay Baruchel|Mike Colter,http://www.milliondollarbaby-derfilm.de/,Clint Eastwood,"Beyond his silence, there is a past. Beyond her dreams, there is a feeling. Beyond hope, there is a memory. Beyond their journey, there is a love.",transporter|suicide attempt|strong woman|boxer|dying and death,"Despondent over a painful estrangement from his daughter, trainer Frankie Dunn isn't prepared for boxer Maggie Fitzgerald to enter his life. But Maggie's determined to go pro and to convince Dunn and his cohort to help her.",132,Drama,Lakeshore Entertainment|Malpaso Productions|Epsilon Motion Pictures|Warner Bros.|Albert S. Ruddy Productions,2004-12-14,1355,7.6,2004,34633361.9943644,250241793.971209
238,tt0068646,5.738034,6000000,245066411,The Godfather,Marlon Brando|Al Pacino|James Caan|Richard S. Castellano|Robert Duvall,http://www.thegodfather.com/,Francis Ford Coppola,An offer you can't refuse.,italy|love at first sight|loss of father|patriarch|organized crime,"Spanning the years 1945 to 1955, a chronicle of the fictional Italian-American Corleone crime family. When organized crime family patriarch, Vito Corleone barely survives an attempt on his life, his youngest son, Michael steps in to take care of the would-be killers, launching a campaign of bloody revenge.",175,Drama|Crime,Paramount Pictures|Alfran Productions,1972-03-15,3970,8.3,1972,31287365.5881737,1277913732.38977
551,tt0069113,0.321141,5000000,84563118,The Poseidon Adventure,Gene Hackman|Ernest Borgnine|Red Buttons|Carol Lynley|Roddy McDowall,,Ronald Neame|Irwin Allen,Who will survive-in one of the greatest escape adventures ever!,life and death|prostitute|new year's eve|sea|brother sister relationship,The Poseidon Adventure was one of the first Catastrophe films and began the Disaster Film genre. Director Neame tells the story of a group of people that must fight for their lives aboard a sinking ship. Based on the novel by Paul Gallico.,117,Action|Adventure,Twentieth Century Fox Film Corporation|Kent Productions,1972-12-01,144,7.7,1972,26072804.6568114,440959531.356979
1891,tt0080684,5.488441,18000000,538400000,The Empire Strikes Back,Mark Hamill|Harrison Ford|Carrie Fisher|Billy Dee Williams|Anthony Daniels,http://www.starwars.com/films/star-wars-episode-v-the-empire-strikes-back,Irvin Kershner,The Adventure Continues...,rebel|asteroid|space battle|snow storm|space colony,"The epic saga continues as Luke Skywalker, in hopes of defeating the evil Galactic Empire, learns the ways of the Jedi from aging master Yoda. But Darth Vader is more determined than ever to capture Luke. Meanwhile, rebel leader Princess Leia, cocky Han Solo, Chewbacca, and droids C-3PO and R2-D2 are thrown into various stages of capture, betrayal and despair.",124,Adventure|Action|Science Fiction,Lucasfilm|Twentieth Century Fox Film Corporation,1980-01-01,3954,8.0,1980,47628661.5525832,1424626187.77282
694,tt0081505,2.432001,19000000,44017374,The Shining,Jack Nicholson|Shelley Duvall|Danny Lloyd|Scatman Crothers|Barry Nelson,,Stanley Kubrick,A masterpiece of modern horror.,hotel|isolation|hotelier|colorado|maze,"Jack Torrance accepts a caretaker job at the Overlook Hotel, where he, along with his wife Wendy and their son Danny, must live isolated from the rest of the world for the winter. But they aren't prepared for the madness that lurks within.",144,Horror|Thriller,Warner Bros.|Peregrine,1980-05-22,1894,7.9,1980,50274698.3055045,116471589.371082
1955,tt0080678,0.814856999999999,5000000,26010864,The Elephant Man,Anthony Hopkins|John Hurt|Anne Bancroft|John Gielgud|Wendy Hiller,,David Lynch,I am not an animal! I am a human being! I...am...a man!,exploitation|biography|hospital|curiosity|sideshow,"A Victorian surgeon rescues a heavily disfigured man being mistreated by his ""owner"" as a side-show freak. Behind his monstrous facade, there is revealed a person of great intelligence and sensitivity. Based on the true story  of Joseph Merrick (called John Merrick in the film), a severely deformed man in 19th century London.",124,Drama|History,Brooksfilms,1980-10-03,329,7.6,1980,13230183.7646064,68825702.1192373
6977,tt0477348,2.730114,25000000,171600000,No Country for Old Men,Tommy Lee Jones|Javier Bardem|Josh Brolin|Woody Harrelson|Kelly Macdonald,,Joel Coen|Ethan Coen,There are no clean getaways.,texas|drug traffic|hitman|united statesâ€“mexico barrier|suspense,"Llewelyn Moss stumbles upon dead bodies, $2 million and a hoard of heroin in a Texas desert, but methodical killer Anton Chigurh comes looking for it, with local sheriff Ed Tom Bell hot on his trail. The roles of prey and predator blur as the violent pursuit of money and justice collide.",122,Crime|Drama|Thriller,Miramax Films|Scott Rudin Productions|Paramount Vantage|Mike Zoss Productions,2007-11-08,1706,7.6,2007,26291714.5657886,180466328.779573
5915,tt0758758,2.194526,15000000,56255142,Into the Wild,Emile Hirsch|Marcia Gay Harden|William Hurt|Jena Malone|Brian H. Dierker,http://www.intothewild.com/,Sean Penn,Into the heart. Into the soul.,male nudity|parents kids relationship|camping|cutting the cord|self-discovery,"The true story of top student and athlete, Christopher McCandless, who after graduating from Emory University in 1992, abandoned his possessions, gave his entire $24,000 savings account to charity and hitchhiked to Alaska to live in the wilderness.",148,Adventure|Drama,Paramount Vantage|River Road Entertainment|Art Linson Productions|Into the Wild,2007-09-11,1768,7.7,2007,15775028.7394731,59161765.4528763
7345,tt0469494,2.04262,25000000,76181545,There Will Be Blood,Daniel Day-Lewis|Paul Dano|Dillon Freasier|CiarÃ¡n Hinds|Kevin J. O'Connor,,Paul Thomas Anderson,There Will Be Greed. There Will Be Vengeance.,brother brother relationship|deaf-mute|american dream|fanatic|pipeline,"When ruthless oil prospector, Daniel Plainview learns of oil-rich land in California that can be bought cheaply, he moves his operation there and begins manipulating and exploiting the local landowners into selling him their property. Using his young adopted son to project the image of a caring family man, Plainview gains the cooperation of almost all the locals with lofty promises to build schools and cultivate the land to make their community flourish. Over time, Plainview's gradual accumulation of wealth and power causes his true self to surface, and he begins to slowly alienate himself from everyone in his life.",158,Drama,Miramax Films|Ghoulardi Film Company|Paramount Vantage,2007-12-28,830,7.8,2007,26291714.5657886,80117737.4528313
348,tt0078748,4.935897,11000000,104931801,Alien,Sigourney Weaver|Tom Skerritt|Veronica Cartwright|Harry Dean Stanton|John Hurt,https://www.facebook.com/alienanthology/,Ridley Scott,In space no one can hear you scream.,android|self-destruction|countdown|space marine|space suit,"During its return to the earth, commercial spaceship Nostromo intercepts a distress signal from a distant planet. When a three-member team of the crew discovers a chamber containing thousands of eggs on the planet, a creature inside one of the eggs attacks an explorer. The entire crew is unaware of the impending nightmare set to descend upon them when the alien parasite planted inside its unfortunate host is birthed.",117,Horror|Action|Thriller|Science Fiction,Twentieth Century-Fox Productions|Brandywine Productions,1979-05-25,2724,7.6,1979,33050094.0275175,315273262.68425
28,tt0078788,2.31952,31500000,83471511,Apocalypse Now,Martin Sheen|Marlon Brando|Robert Duvall|Laurence Fishburne|Sam Bottoms,http://www.apocalypsenow.com,Francis Ford Coppola,This is the end...,guerilla|river|vietnam|vietcong|cambodia,"At the height of the Vietnam war, Captain Benjamin Willard is sent on a dangerous mission that, officially, ""does not exist, nor will it ever exist."" His goal is to locate - and eliminate - a mysterious Green Beret Colonel named Walter Kurtz, who has been leading his personal army on illegal guerrilla missions into enemy territory.",153,Drama|War,Zoetrope Studios,1979-08-15,1100,7.8,1979,94643451.0788001,250794662.469905
24128,tt0088178,0.283191,1200000,4978922,Stop Making Sense,David Byrne|Tina Weymouth|Chris Frantz|Jerry Harrison|Steven Scales,,Jonathan Demme,Why stop making sense? Why a movie? Why a big suit? Where do the odd movements come from? What will the band do next?,concert,"David Byrne walks onto the stage and does a solo ""Psycho Killer."" Jerry Harrison, Tina Weymouth and Chris Frantz join him for two more songs. The crew is busy, still setting up. Then, three more musicians and two back-up singers join the band. Everybody sings, plays, harmonizes, dances, and runs. In this concert film, the Talking Heads hardly talk, don't stop, and always make sense.",88,Documentary|Music,Talking Heads|Arnold Stiefel Company,1984-11-16,23,8.4,1984,2518850.44703298,10450966.5878686
1892,tt0086190,4.828854,32350000,572700000,Return of the Jedi,Mark Hamill|Harrison Ford|Carrie Fisher|Billy Dee Williams|Anthony Daniels,http://www.starwars.com/films/star-wars-episode-vi-return-of-the-jedi,Richard Marquand,The Empire Falls...,rebel|emperor|space battle|matter of life and death|siblings,"As Rebel leaders map their strategy for an all-out attack on the Emperor's newer, bigger Death Star. Han Solo remains frozen in the cavernous desert fortress of Jabba the Hutt, the most loathsome outlaw in the universe, who is also keeping Princess Leia as a slave girl. Now a master of the Force, Luke Skywalker rescues his friends, but he cannot become a true Jedi Knight until he wages his own crucial battle against Darth Vader, who has sworn to win Luke over to the dark side of the Force.",135,Adventure|Action|Science Fiction,Lucasfilm|Twentieth Century Fox Film Corporation,1983-05-23,3101,7.8,1983,70824243.1274759,1253818981.11608
111,tt0086250,3.178818,25000000,65884703,Scarface,Al Pacino|Steven Bauer|Michelle Pfeiffer|Mary Elizabeth Mastrantonio|Robert Loggia,,Brian De Palma,The world is yours...,miami|corruption|capitalism|cuba|prohibition,"After getting a green card in exchange for assassinating a Cuban government official, Tony Montana stakes a claim on the drug trade in Miami. Viciously murdering anyone who stands in his way, Tony eventually becomes the biggest drug lord in the state, controlling nearly all the cocaine that comes through Miami. But increased pressure from the police, wars with Colombian drug cartels and his own drug-fueled paranoia serve to fuel the flames of his eventual downfall.",170,Action|Crime|Drama|Thriller,Universal Pictures,1983-12-08,1741,7.8,1983,54732799.9439536,144242170.746632
807,tt0114369,4.76535899999999,33000000,327311859,Se7en,Brad Pitt|Morgan Freeman|Gwyneth Paltrow|John C. McGinley|Kevin Spacey,http://www.sevenmovie.com/,David Fincher,Seven deadly sins. Seven ways to die.,self-fulfilling prophecy|detective|s.w.a.t.|drug dealer|evisceration,"Two homicide detectives are on a desperate hunt for a serial killer whose crimes are based on the ""seven deadly sins"" in this dark and haunting film that takes viewers from the tortured remains of one victim to the next. The seasoned Det. Sommerset researches each sin in an effort to get inside the killer's mind, while his novice partner, Mills, scoffs at his efforts to unravel the case.",127,Crime|Mystery|Thriller,New Line Cinema|Juno Pix|Cecchi Gori Pictures,1995-09-22,3535,7.9,1995,47221906.6145298,468372425.440186
629,tt0114814,3.440238,6000000,23341568,The Usual Suspects,Stephen Baldwin|Gabriel Byrne|Chazz Palminteri|Kevin Pollak|Pete Postlethwaite,http://www.mgm.com/#/our-titles/2083/The-Usual-Suspects,Bryan Singer,Five Criminals. One Line Up. No Coincidence.,law|relatives|theft|criminal|criminal mastermind,"Held in an L.A. interrogation room, Verbal Kint attempts to convince the feds that a mythic crime lord, Keyser Soze, not only exists, but was also responsible for drawing him and his four partners into a multi-million dollar heist that ended with an explosion in San Pedro harbor â€“ leaving few survivors. Verbal lures his interrogators with an incredible story of the crime lord's almost supernatural prowess.",106,Drama|Crime|Thriller,Blue Parrot Productions|Bad Hat Harry Productions,1995-07-19,1942,8.0,1995,8585801.20264179,33401010.4343242
76,tt0112471,1.706784,2500000,5535405,Before Sunrise,Ethan Hawke|Julie Delpy|Andrea Eckert|Hanno PÃ¶schl|Karl Bruckschwaiger,,Richard Linklater,Can the greatest romance of your life last only one night?,dialogue|sunrise|talking|soulmates|walking,"A dialogue marathon of a film, this fairytale love story of an American boy and French girl. During a day and a night together in Vienna their two hearts collide.",105,Drama|Romance,Detour Film Production,1995-01-27,554,7.6,1995,3577417.16776741,7920981.15101823
524,tt0112641,1.552666,52000000,116112375,Casino,Robert De Niro|Sharon Stone|Joe Pesci|James Woods|Don Rickles,,Martin Scorsese,No one stays at the top forever.,poker|drug abuse|1970s|overdose|illegal prostitution,The life of the gambling paradise â€“ Las Vegas â€“ and its dark mafia underbelly.,178,Drama|Crime,Universal Pictures|LÃ©gende Entreprises|Syalis DA|De Fina-Cappa,1995-11-22,699,7.6,1995,74410277.0895622,166152961.486099
500,tt0105236,4.586426,1200000,14661007,Reservoir Dogs,Harvey Keitel|Tim Roth|Michael Madsen|Chris Penn|Steve Buscemi,,Quentin Tarantino,Every dog has his day.,torture|gasoline|shot in the stomach|sadistic torture|ensemble cast,"A botched robbery indicates a police informant, and the pressure mounts in the aftermath at a warehouse. Crime begets violence as the survivors -- veteran Mr. White, newcomer Mr. Orange, psychopathic parolee Mr. Blonde, bickering weasel Mr. Pink and Nice Guy Eddie -- unravel.",99,Crime|Thriller,Live Entertainment|Lionsgate|Dog Eat Dog Productions Inc.,1992-06-25,2018,7.9,1992,1864829.10550674,22783560.4746984
627,tt0117951,2.94792,4000000,16491080,Trainspotting,Ewan McGregor|Ewen Bremner|Jonny Lee Miller|Robert Carlyle|Kelly Macdonald,,Danny Boyle,Choose life.,loss of child|drug addiction|ecstasy|drug dealer|junkie,"Renton is living the dream and that dream is Heroin. As Renton struggles with the agony and ecstasy of his life we follow him and his increasingly unstable mates. Drinking, fighting, drugs, sex and the most disgusting toilet in Scotland. Choose Trainspotting.",93,Drama|Crime,Channel Four Films|Noel Gay Motion Picture Company|Figment Films,1996-02-23,1163,7.6,1996,5560866.95584101,22926175.4595326
275,tt0116282,2.775756,7000000,60611975,Fargo,William H. Macy|Frances McDormand|Steve Buscemi|Peter Stormare|Kristin RudrÃ¼d,http://www.themoviefargo.com/,Joel Coen,A lot can happen in the middle of nowhere.,cheating|ransom|salesclerk|winter|auto,"Jerry, a small-town Minnesota car salesman is bursting at the seams with debt... but he's got a plan. He's going to hire two thugs to kidnap his wife in a scheme to collect a hefty ransom from his wealthy father-in-law. It's going to be a snap and nobody's going to get hurt... until people start dying. Enter Police Chief Marge, a coffee-drinking, parka-wearing - and extremely pregnant - investigator who'll stop at nothing to get her man. And if you think her small-time investigative skills will give the crooks a run for their ransom... you betcha!",98,Crime|Drama|Thriller,PolyGram Filmed Entertainment|Working Title Films,1996-04-05,1093,7.6,1996,9731517.17272177,84263782.2264404
98,tt0172495,4.271452,103000000,457640427,Gladiator,Russell Crowe|Joaquin Phoenix|Connie Nielsen|Oliver Reed|Richard Harris,,Ridley Scott,A Hero Will Rise.,rome|gladiator|roman empire|slavery|battlefield,"General Maximus' success in battle earns the favour of the Roman Empire's elderly Emperor at the expense of the Emperor's son. In a fit of jealous rage the son slays his father before turning his anger towards Maximus. Now reduced to a slave, and his family dead, Maximus must fight as a gladiator to gain his freedom â€“ and his revenge.",155,Action|Drama|Adventure,DreamWorks SKG|Universal Pictures|Scott Free Productions|Red Wagon Entertainment|Mill Film,2000-05-01,3531,7.7,2000,130428087.777343,579506463.914726
77,tt0209144,3.095625,9000000,39723096,Memento,Guy Pearce|Carrie-Anne Moss|Joe Pantoliano|Mark Boone Junior|Russ Fega,http://www.otnemem.com/,Christopher Nolan,Some memories are best forgotten.,individual|insulin|tattoo|waitress|amnesia,"Suffering short-term memory loss after a head injury, Leonard Shelby embarks on a grim quest to find the lowlife who murdered his wife in this gritty, complex thriller that packs more knots than a hangman's noose. To carry out his plan, Shelby snaps Polaroids of people and places, jotting down contextual notes on the backs of photos to aid in his search and jog his memory. He even tattoos his own body in a desperate bid to remember.",113,Mystery|Thriller,Summit Entertainment|Newmarket Capital Group|Team Todd|I Remember Productions,2000-10-11,2144,7.9,2000,11396629.0290882,50301043.2220954
641,tt0180093,1.050687,4500000,7390108,Requiem for a Dream,Ellen Burstyn|Jared Leto|Jennifer Connelly|Marlon Wayans|Christopher McDonald,http://www.requiemforadream.com/,Darren Aronofsky,,drug addiction|junkie|heroin|speed|diet,The hopes and dreams of four ambitious people are shattered when their drug addictions begin spiraling out of control. A look into addiction and how it overcomes the mind and body.,102,Drama,Artisan Entertainment,2000-10-27,1316,7.7,2000,5698314.51454412,9358035.48454414
78,tt0083658,4.215642,28000000,32768670,Blade Runner,Harrison Ford|Rutger Hauer|Sean Young|Edward James Olmos|Joe Turkel,http://www.warnerbros.com/blade-runner,Ridley Scott,Man has made his match... now it's his problem.,artificial intelligence|man vs machine|cyborg|bounty hunter|android,"In the smog-choked dystopian Los Angeles of 2019, blade runner Rick Deckard is called out of retirement to kill a quartet of replicants who have escaped to Earth seeking their creator for a way to extend their short life spans.",117,Science Fiction|Drama|Thriller,Shaw Brothers|Warner Bros.|The Ladd Company,1982-06-25,2110,7.7,1982,63269987.2714343,74045476.2072083
37165,tt0120382,4.18054,60000000,264118201,The Truman Show,Jim Carrey|Laura Linney|Noah Emmerich|Natascha McElhone|Ed Harris,,Peter Weir,On the air. Unaware,claustrophobia|hidden camera|dystopia|reality show|make believe,"Truman Burbank is the star of ""The Truman Show"", a 24-hour-a-day ""reality"" TV show that broadcasts every aspect of his life -- live and in color -- without his knowledge. His entire life has been an unending soap opera for consumption by the rest of the world. And everyone he knows -- including his wife and his best friend -- is really an actor, paid to be part of his life.",103,Comedy|Drama,Paramount Pictures|Scott Rudin Productions,1998-06-04,2392,7.6,1998,80261728.1446979,353309720.778811
115,tt0118715,2.556082,15000000,27739163,The Big Lebowski,Jeff Bridges|John Goodman|Steve Buscemi|Julianne Moore|David Huddleston,http://www.biglebowskibluray.com/splash.php,Joel Coen,They figured he was a lazy time wasting slacker. They were right.,white russian|dude|bowling|vietnam veteran|carpet,"Jeffrey ""The Dude"" Lebowski, a Los Angeles slacker who only wants to bowl and drink white Russians, is mistaken for another Jeffrey Lebowski, a wheelchair-bound millionaire, and finds himself dragged into a strange series of events involving nihilists, adult film producers, ferrets, errant toes, and large sums of money.",117,Comedy|Crime,PolyGram Filmed Entertainment|Working Title Films,1998-02-15,1696,7.6,1998,20065432.0361744,37106552.6611244
857,tt0120815,2.170136,70000000,481840909,Saving Private Ryan,Tom Hanks|Tom Sizemore|Dennis Farina|Max Martini|Joerg Stadler,,Steven Spielberg,The mission is a man.,killing|loss of brother|loss of lover|war crimes|self sacrifice,"As U.S. troops storm the beaches of Normandy, three brothers lie dead on the battlefield, with a fourth trapped behind enemy lines. Ranger captain John Miller and seven men are tasked with penetrating German-held territory and bringing the boy home.",169,Drama|History|War,Paramount Pictures|DreamWorks SKG|Amblin Entertainment|Mutual Film Company|Mark Gordon Productions,1998-07-24,3396,7.7,1998,93638682.8354809,644556400.785869
73,tt0120586,1.333006,20000000,23875127,American History X,Edward Norton|Edward Furlong|Beverly D'Angelo|Avery Brooks|Jennifer Lien,http://www.historyx.com/,Tony Kaye,Some Legacies Must End.,usa|neo-nazi|prison|skinhead|brother brother relationship,"Derek Vineyard is paroled after serving 3 years in prison for killing two thugs who tried to break into/steal his truck. Through his brother, Danny Vineyard's narration, we learn that before going to prison, Derek was a skinhead and the leader of a violent white supremacist gang that committed acts of racial crime throughout L.A. and his actions greatly influenced Danny. Reformed and fresh out of prison, Derek severs contact with the gang and becomes determined to keep Danny from going down the same violent path as he did.",119,Drama,New Line Cinema|The Turman-Morrissey Company|Savoy Pictures,1998-10-30,1563,8.0,1998,26753909.3815659,31937649.2115689
207,tt0097165,2.470407,16400000,235860116,Dead Poets Society,Robin Williams|Ethan Hawke|Robert Sean Leonard|Gale Hansen|Josh Charles,,Peter Weir,He was their inspiration. He made their lives extraordinary.,individual|philosophy|poetry|shakespeare|professor,"At an elite, old-fashioned boarding school in New England, a passionate English teacher inspires his students to rebel against convention and seize the potential of every day, courting the disdain of the stern headmaster.",129,Drama,Touchstone Pictures|Silver Screen Partners IV,1989-06-02,1426,7.9,1989,28847353.0003094,414874391.764995
274,tt0102926,0.695385,19000000,272742922,The Silence of the Lambs,Jodie Foster|Anthony Hopkins|Scott Glenn|Ted Levine|Anthony Heald,,Jonathan Demme,To enter the mind of a killer she must challenge the mind of a madman.,based on novel|psychopath|horror|suspense|serial killer,"FBI trainee, Clarice Starling ventures into a maximum-security asylum to pick the diseased brain of Hannibal Lecter, a psychiatrist turned homicidal cannibal. Starling needs clues to help her capture a serial killer. but her Faustian relationship with Lecter soon leads to his escape, and now two deranged killers are on the loose.",118,Crime|Drama|Thriller,Orion Pictures|Strong Heart/Demme Production,1991-02-14,2679,7.9,1991,30420763.9966735,436686740.101323
600,tt0093058,2.0267,17000000,46357676,Full Metal Jacket,Matthew Modine|Adam Baldwin|Vincent D'Onofrio|R. Lee Ermey|Dorian Harewood,,Stanley Kubrick,"Vietnam can kill me, but it canâ€™t make me care.",suicide|prostitute|helicopter|based on novel|journalism,A pragmatic U.S. Marine observes the dehumanizing effects the U.S.-Vietnam War has on his fellow recruits from their brutal boot camp training to the bloody street fighting in Hue.,116,Drama|War,Stanley Kubrick Productions|Warner Bros.|Natant,1987-06-26,1311,7.7,1987,32624367.4470991,88964109.1657392
62,tt0062622,3.309196,12000000,56715371,2001: A Space Odyssey,Keir Dullea|Douglas Rain|Gary Lockwood|William Sylvester|Daniel Richter,,Stanley Kubrick,An epic drama of adventure and exploration,moon|jupiter|artificial intelligence|man vs machine|technology,"Humanity finds a mysterious object buried beneath the lunar surface and sets off to find its origins with the help of HAL 9000, the world's most advanced super computer.",149,Science Fiction|Mystery|Adventure,Stanley Kubrick Productions|Metro-Goldwyn-Mayer (MGM),1968-04-05,1708,7.7,1968,75227563.3792221,355546597.206549
240,tt0071562,3.264571,13000000,47542841,The Godfather: Part II,Al Pacino|Robert Duvall|Diane Keaton|Robert De Niro|John Cazale,,Francis Ford Coppola,"I don't feel I have to wipe everybody out, Tom. Just my enemies.",italo-american|cuba|vororte|melancholy|praise,"In the continuing saga of the Corleone crime family, a young Vito Corleone grows up in Sicily and in 1910s New York. In the 1950s, Michael Corleone attempts to expand the family business into Las Vegas, Hollywood and Cuba.",200,Drama|Crime,Paramount Pictures|The Coppola Company,1974-12-20,2131,8.1,1974,57489690.5506849,210247939.768493
829,tt0071315,1.650848,6000000,30000000,Chinatown,Jack Nicholson|Faye Dunaway|John Huston|Perry Lopez|John Hillerman,,Roman Polanski,,rape|sea|river|chinatown|mistake in person,"Private eye Jake Gittes lives off the murky moral climate of sunbaked, pre-World War II Southern California. Hired by a beautiful socialite to investigate her husband's extra-marital affair, Gittes is swept into a maelstrom of double dealings and deadly deceits, uncovering a web of personal and political scandals that come crashing together.",130,Crime|Drama|Mystery|Thriller,Paramount Pictures|Penthouse|Long Road Productions,1974-06-20,456,7.7,1974,26533703.3310853,132668516.655426
510,tt0073486,3.258151,3000000,108981275,One Flew Over the Cuckoo's Nest,Jack Nicholson|Louise Fletcher|Danny DeVito|William Redfield|Scatman Crothers,,MiloÅ¡ Forman,"If he's crazy, what does that make you?",individual|rebel|self-destruction|wheelchair|lunatic asylum,"While serving time for insanity at a state mental hospital, implacable rabble-rouser, Randle Patrick McMurphy inspires his fellow patients to rebel against the authoritarian rule of head nurse, Mildred Ratched.",133,Drama,Fantasy Films|Warner Bros.,1975-11-18,1612,8.0,1975,12155463.5161866,441572637.403333
762,tt0071853,2.234953,400000,5028948,Monty Python and the Holy Grail,Graham Chapman|John Cleese|Eric Idle|Michael Palin|Terry Gilliam,http://www.sonypictures.com/cthe/montypython/,Terry Gilliam|Terry Jones,And now! At Last! Another film completely different from some of the other films which aren't quite the same as this one is.,holy grail|monk|scotland yard|swordplay|camelot,"Monty Python and the Holy Grail loosely follows the legend of King Arthur. Arthur along with his squire, Patsy, recruits his Knights of the Round Table, including Sir Bedevere the Wise, Sir Lancelot the Brave, Sir Robin the Not-Quite-So-Brave-As-Sir-Lancelot and Sir Galahad the Pure. On the way Arthur battles the Black Knight who, despite having had all his limbs chopped off, insists he can still fight. They reach Camelot, but Arthur decides not  to enter, as ""it is a silly place"".",91,Adventure|Comedy|Fantasy,Python (Monty) Pictures Limited|Michael White Productions|National Film Trustee Company|Twickenham Film Studios,1975-03-13,1097,7.6,1975,1620728.46882488,20376397.9795998
595,tt0056592,0.810805,2000000,13129846,To Kill a Mockingbird,Gregory Peck|John Megna|Frank Overton|Rosemary Murphy|Ruth White,,Robert Mulligan,The most beloved Pulitzer Prize book now comes vividly alive on the screen!,black people|based on novel|brother sister relationship|becoming an adult|isolation,"In a small Alabama town in the 1930s, scrupulously honest and highly respected lawyer, Atticus Finch puts his career on the line when he agrees to represent Tom Robinson, a black man accused of rape. The trial and the events surrounding it are seen through the eyes of Finch's six-year-old daughter, Scout. While Robinson's trial gives the movie its momentum, there are plenty of anecdotal occurrences before and after the court date: Scout's ever-strengthening bond with older brother, Jem, her friendship with precocious young Dill Harris, her father's no-nonsense reactions to such life-and-death crises as a rampaging mad dog, and especially Scout's reactions to, and relationship with, Boo Radley, the reclusive 'village idiot' who turns out to be her salvation when she is attacked by a venomous bigot.",129,Crime|Drama,Universal Pictures,1962-12-25,317,7.7,1962,14416897.7575236,94645823.6770153
935,tt0057012,2.210475,1800000,9440272,Dr. Strangelove or: How I Learned to Stop Worrying and Love the Bomb,Peter Sellers|George C. Scott|Sterling Hayden|Keenan Wynn|Slim Pickens,,Stanley Kubrick,The hot-line suspense comedy,u.s. president|general|cold war|strategic air command|nuclear missile,An insane general starts a process to nuclear holocaust that a war room of politicians and generals frantically try to stop. A classic black and white war satire from director Stanley Kubrick starring Peter Sellers.,95,Drama|Comedy|War,Hawk Films|Columbia Pictures Corporation,1964-01-29,804,7.7,1964,12654481.3385066,66367636.5857928
185,tt0066921,3.072555,2200000,26589000,A Clockwork Orange,Malcolm McDowell|Patrick Magee|Adrienne Corri|Michael Bates|Warren Clarke,,Stanley Kubrick,"Being the adventures of a young man whose principal interests are rape, ultra-violence and Beethoven.",prison|street gang|rape|adolescence|sexuality,"The head of a gang of toughs, in an insensitive futuristic society, is conditioned to become physically ill at sex and violence during a prison sentence. When he is released, he's brutally beaten by all of his old adversaries.",136,Science Fiction|Drama,Hawk Films|Warner Bros.,1971-12-18,1786,7.7,1971,11847428.8117621,143186947.579974
769,tt0099685,2.659926,25000000,46836394,Goodfellas,Robert De Niro|Ray Liotta|Joe Pesci|Lorraine Bracco|Paul Sorvino,,Martin Scorsese,Three Decades of Life in the Mafia.,prison|helicopter|florida|1970s|mass murder,"Henry Hill is a small time gangster, who takes part in a robbery with Jimmy Conway and Tommy De Vito, two other gangsters who have set their sights a bit higher. His two partners kill off everyone else involved in the robbery, and slowly start to climb up through the hierarchy of the Mob. Henry, however, is badly affected by his partners success, but will he stoop low enough to bring about the downfall of Jimmy and Tommy?",146,Drama|Crime,Warner Bros.,1990-09-12,1798,8.0,1990,41722463.5078645,78165189.5801985
31225,tt0100332,0.142836,500000,3779620,Paris is Burning,Dorian Corey|Pepper LaBeija|Willi Ninja|Octavia St. Laurent|Anji Xtravaganza,,Jennie Livingston,Having A Ball...Wish You Were Here.,transvestism|gay|new york city|transgender|reading,"Paris Is Burning is a 1990 American documentary film directed by Jennie Livingston. Filmed in the mid-to-late 1980s, it chronicles the ball culture of New York City and the African-American, Latino, gay, and transgender communities involved in it. Some critics consider the film to be an invaluable documentary of the end of the ""Golden Age"" of New York City drag balls, and a thoughtful exploration of race, class, gender, and sexuality in America.",71,Documentary,,1990-03-13,27,7.6,1990,834449.27015729,6307802.30094379
539,tt0054215,2.610362,806948,32000000,Psycho,Anthony Perkins|Vera Miles|John Gavin|Janet Leigh|Martin Balsam,,Alfred Hitchcock,The master of suspense moves his cameras into the icy blackness of the unexplored!,hotel|clerk|arizona|shower|rain,"When larcenous real estate clerk Marion Crane goes on the lam with a wad of cash and hopes of starting a new life, she ends up at the notorious Bates Motel, where manager Norman Bates cares for his housebound mother. The place seems quirky, but fineâ€¦ until Marion decides to take a shower.",109,Drama|Horror|Thriller,Shamley Productions,1960-08-14,1180,8.0,1960,5949601.34364958,235934958.630279
284,tt0053604,0.947307,3000000,25000000,The Apartment,Jack Lemmon|Shirley MacLaine|Fred MacMurray|Ray Walston|Jack Kruschen,,Billy Wilder,"Movie-wise, there has never been anything like it - laugh-wise, love-wise, or otherwise-wise!",new york|new year's eve|lovesickness|age difference|suicide attempt,"Bud Baxter is a minor clerk in a huge New York insurance company, until he discovers a quick way to climb the corporate ladder. He lends out his apartment to the executives as a place to take their mistresses. Although he often has to deal with the aftermath of their visits, one night he's left with a major problem to solve.",125,Comedy|Drama|Romance,United Artists|The Mirisch Company,1960-06-15,235,7.9,1960,22118902.3715887,184324186.429905
103,tt0075314,2.582657,1300000,28262574,Taxi Driver,Robert De Niro|Cybill Shepherd|Harvey Keitel|Jodie Foster|Peter Boyle,,Martin Scorsese,"On every street in every city, there's a nobody who dreams of being a somebody.",vietnam veteran|taxi|obsession|drug dealer|night shift,"A mentally unstable Vietnam War veteran works as a night-time taxi driver in New York City where the perceived decadence and sleaze feeds his urge for violent action, attempting to save a preadolescent prostitute in the process.",113,Crime|Drama,Columbia Pictures Corporation|Italo/Judeo Productions|Bill/Phillips,1976-02-08,1269,7.8,1976,4981207.43701933,108293649.075468
424,tt0108052,2.377288,22000000,321265768,Schindler's List,Liam Neeson|Ben Kingsley|Ralph Fiennes|Caroline Goodall|Jonathan Sagall,http://www.schindlerslist.com/,Steven Spielberg,"Whoever saves one life, saves the world entire.",factory|concentration camp|hero|holocaust|world war ii,The true story of how businessman Oskar Schindler saved over a thousand Jewish lives from the Nazis while they worked as slaves in his factory during World War II.,195,Drama|History|War,Universal Pictures|Amblin Entertainment,1993-11-29,2632,8.1,1993,33208339.1573716,484941026.518066
475,tt0061418,1.022408,2500000,50700000,Bonnie and Clyde,Warren Beatty|Faye Dunaway|Michael J. Pollard|Gene Wilder|Gene Hackman,,Arthur Penn,Theyâ€™re youngâ€¦ theyâ€™re in loveâ€¦ and they kill people.,ambush|sheriff|waitress|prohibition|texas,Bonnie and Clyde is based on the true stories of the gangster pair Bonnie Parker and Clyde Barrow who in the 1930s began robbing banks in U.S. cities until they were eventually killed. The film is a major landmark in the aesthetic movement known as the New Hollywood.,111,Crime|Drama,Tatira-Hiller Productions|Warner Brothers/Seven Arts,1967-07-18,153,7.6,1967,16341909.3494678,331413921.607207
679,tt0090605,2.485419,18500000,131060248,Aliens,Sigourney Weaver|Carrie Henn|Michael Biehn|Lance Henriksen|Paul Reiser,,James Cameron,This Time It's War,android|extraterrestrial technology|space marine|spaceman|cryogenics,"When Ripley's lifepod is found by a salvage crew over 50 years later, she finds that terra-formers are on the very planet they found the alien species. When the company sends a family of colonists out to investigate her story, all contact is lost with the planet and colonists. They enlist Ripley and the colonial marines to return and search for answers.",137,Horror|Action|Thriller|Science Fiction,Twentieth Century Fox Film Corporation|SLM Production Group|Brandywine Productions,1986-07-18,2027,7.6,1986,36804018.6009499,260732097.580384
9277,tt0070735,0.863155999999999,5500000,159616327,The Sting,Paul Newman|Robert Redford|Robert Shaw|Charles Durning|Ray Walston,,George Roy Hill,...all it takes is a little Confidence.,chicago|bet|horse race|repayment|con man,Set in the 1930's this intricate caper deals with an ambitious small-time crook and a veteran con man who seek revenge on a vicious crime lord who murdered one of their gang.,129,Comedy|Crime|Drama,Universal Pictures,1973-12-25,304,7.7,1973,27011377.6833962,783901253.278813
